Collection,Year,Date_Sampled,Date2,Month,Season,Sample,Plot,Watershed,Forest,Compartment,Horizon,DOC mg/kg,SUVA L/mg-m,Initial Moisture_perc,LOI_perc,SoilTemp_C,NO3_mg_kg,NH4_mg_kg,PNA_mg_kg_day,PNN_mg_kg_day,PNNM_mg_kg_day,PNN_perc,PNN_corr_perc
VT2015_1,2015,2015-03-12,3/1/2015,3,Winter,EBHW 1,EBHW 1,EB,HW,EBHW,O,4866,1.53,452.36,58.75,0.64,0.07,27.58,9.42,-0.01,9.41,-0.08,0
VT2015_1,2015,2015-03-12,3/1/2015,3,Winter,EBHW 2,EBHW 2,EB,HW,EBHW,O,4764,1.77,661.29,90.22,0.64,0.08,32.63,20.48,-1.23,19.25,-6.37,0
VT2015_1,2015,2015-03-12,3/1/2015,3,Winter,EBHW 3,EBHW 3,EB,HW,EBHW,O,6315,1.82,618.8,69.33,0.64,0.08,38.22,19.14,-0.04,19.1,-0.22,0
VT2015_1,2015,2015-03-12,3/1/2015,3,Winter,WBHW 1,WBHW 1,WB,HW,WBHW,O,1984.5,1.44,143.53,33.48,0.64,12.54,49.87,-0.03,4.8,4.78,100.57,100
VT2015_1,2015,2015-03-12,3/1/2015,3,Winter,WBHW 2,WBHW 2,WB,HW,WBHW,O,3531,1.43,318.87,57.01,0.64,2,81.28,11.59,-0.84,10.76,-7.77,0
VT2015_1,2015,2015-03-12,3/1/2015,3,Winter,WBHW 3,WBHW 3,WB,HW,WBHW,O,4299,1.7,380.58,56.51,0.64,1.41,70.64,,,,,
VT2015_1,2015,2015-03-12,3/1/2015,3,Winter,EBHW 1,EBHW 1,EB,HW,EBHW,B,,,127.9,21.68,0.86,0.06,8.73,-0.32,0.08,-0.24,-32.5,0
VT2015_1,2015,2015-03-12,3/1/2015,3,Winter,EBHW 2,EBHW 2,EB,HW,EBHW,B,,,106.8,19.39,0.86,0.06,11.11,-0.65,-0.79,-1.43,55.24,55.24
VT2015_1,2015,2015-03-12,3/1/2015,3,Winter,EBHW 3,EBHW 3,EB,HW,EBHW,B,,,171.7,24.36,0.86,0.06,10.47,-0.25,0.05,-0.19,-28.42,0
VT2015_1,2015,2015-03-12,3/1/2015,3,Winter,WBHW 1,WBHW 1,WB,HW,WBHW,B,,,90.51,22.19,0.86,11.61,31.35,1.44,3.34,4.78,69.88,69.88
VT2015_1,2015,2015-03-12,3/1/2015,3,Winter,WBHW 2,WBHW 2,WB,HW,WBHW,B,,,54.83,12.37,0.86,2.39,10.49,1.42,0.5,1.92,25.86,25.86
VT2015_1,2015,2015-03-12,3/1/2015,3,Winter,WBHW 3,WBHW 3,WB,HW,WBHW,B,,,92.96,15.09,0.86,2,10.55,-0.72,1.24,0.52,237.36,100
VT2015_2,2015,2015-04-17,4/1/2015,4,Vernal Transition,EBHW 1,EBHW 1,EB,HW,EBHW,O,,,163.67,18.33,1.1,0.36,21.08,,,,,
VT2015_2,2015,2015-04-17,4/1/2015,4,Vernal Transition,EBHW 2,EBHW 2,EB,HW,EBHW,O,2329.5,0.97,231.55,48,1.1,0.06,8.71,,,,,
VT2015_2,2015,2015-04-17,4/1/2015,4,Vernal Transition,EBHW 3,EBHW 3,EB,HW,EBHW,O,4455,1.39,252.59,55,1.1,0.06,14.9,,,,,
VT2015_2,2015,2015-04-17,4/1/2015,4,Vernal Transition,WBHW 1,WBHW 1,WB,HW,WBHW,O,4068,1.88,351.92,67.67,1.1,0.55,155.6,,,,,
VT2015_2,2015,2015-04-17,4/1/2015,4,Vernal Transition,WBHW 2,WBHW 2,WB,HW,WBHW,O,2605.2,1.12,191.68,34,1.1,0.38,73.97,,,,,
VT2015_2,2015,2015-04-17,4/1/2015,4,Vernal Transition,WBHW 3,WBHW 3,WB,HW,WBHW,O,2174.1,1.47,305.77,64.33,1.1,2.15,186.46,,,,,
VT2015_2,2015,2015-04-17,4/1/2015,4,Vernal Transition,EBHW 1,EBHW 1,EB,HW,EBHW,B,,,127.6,18.67,0.6,0.07,9.4,,,,,
VT2015_2,2015,2015-04-17,4/1/2015,4,Vernal Transition,EBHW 2,EBHW 2,EB,HW,EBHW,B,,,78.94,12,0.6,0.01,6.8,,,,,
VT2015_2,2015,2015-04-17,4/1/2015,4,Vernal Transition,EBHW 3,EBHW 3,EB,HW,EBHW,B,,,83.12,12.33,0.6,0.05,3.94,,,,,
VT2015_2,2015,2015-04-17,4/1/2015,4,Vernal Transition,WBHW 1,WBHW 1,WB,HW,WBHW,B,,,85.68,19.67,0.6,3.03,8.25,,,,,
VT2015_2,2015,2015-04-17,4/1/2015,4,Vernal Transition,WBHW 2,WBHW 2,WB,HW,WBHW,B,,,62.11,13,0.6,0.83,12.89,,,,,
VT2015_2,2015,2015-04-17,4/1/2015,4,Vernal Transition,WBHW 3,WBHW 3,WB,HW,WBHW,B,,,75.48,15.33,0.6,0.68,14.21,,,,,
VT2015_3,2015,2015-05-02,5/1/2015,5,Vernal Transition,EBHW 1,EBHW 1,EB,HW,EBHW,O,4281,1.39,218.07,59,6.84,0.06,8.52,,,,,
VT2015_3,2015,2015-05-02,5/1/2015,5,Vernal Transition,EBHW 2,EBHW 2,EB,HW,EBHW,O,3216,1.29,214.03,62.33,6.84,0.06,7.24,,,,,
VT2015_3,2015,2015-05-02,5/1/2015,5,Vernal Transition,EBHW 3,EBHW 3,EB,HW,EBHW,O,3363,1.55,212.12,56.33,6.84,0.06,5.36,,,,,
VT2015_3,2015,2015-05-02,5/1/2015,5,Vernal Transition,WBHW 1,WBHW 1,WB,HW,WBHW,O,1680.3,1.18,85.87,26.33,6.84,13.42,27.18,,,,,
VT2015_3,2015,2015-05-02,5/1/2015,5,Vernal Transition,WBHW 2,WBHW 2,WB,HW,WBHW,O,3432,1.31,213.61,71,6.84,9.34,121.82,,,,,
VT2015_3,2015,2015-05-02,5/1/2015,5,Vernal Transition,WBHW 3,WBHW 3,WB,HW,WBHW,O,3633,1.21,232.14,72,6.84,46.83,144.64,,,,,
VT2015_3,2015,2015-05-02,5/1/2015,5,Vernal Transition,EBHW 1,EBHW 1,EB,HW,EBHW,B,,,97.95,17,4.52,0.05,11.7,,,,,
VT2015_3,2015,2015-05-02,5/1/2015,5,Vernal Transition,EBHW 2,EBHW 2,EB,HW,EBHW,B,,,97.42,14.33,4.52,0.05,4.7,,,,,
VT2015_3,2015,2015-05-02,5/1/2015,5,Vernal Transition,EBHW 3,EBHW 3,EB,HW,EBHW,B,,,112.8,17.67,4.52,0.06,7.18,,,,,
VT2015_3,2015,2015-05-02,5/1/2015,5,Vernal Transition,WBHW 1,WBHW 1,WB,HW,WBHW,B,,,53.62,11,4.52,1.89,5.03,,,,,
VT2015_3,2015,2015-05-02,5/1/2015,5,Vernal Transition,WBHW 2,WBHW 2,WB,HW,WBHW,B,,,45.37,8.67,4.52,0.69,4.08,,,,,
VT2015_3,2015,2015-05-02,5/1/2015,5,Vernal Transition,WBHW 3,WBHW 3,WB,HW,WBHW,B,,,63.23,13.33,4.52,5.25,24.48,,,,,
VT2015_4,2015,2015-05-26,5/1/2015,5,Growing Season,EBHW 1,EBHW 1,EB,HW,EBHW,O,2161.8,1.61,171.6,46.03,11.87,0.06,6.57,4.77,0.01,4.77,0.16,0.16
VT2015_4,2015,2015-05-26,5/1/2015,5,Growing Season,EBHW 2,EBHW 2,EB,HW,EBHW,O,804.3,0.79,250.97,53.33,11.87,1.36,18.5,0.45,1.91,2.35,81,81
VT2015_4,2015,2015-05-26,5/1/2015,5,Growing Season,EBHW 3,EBHW 3,EB,HW,EBHW,O,2866.8,1.31,207.99,45.64,11.87,0.06,7.53,3.28,0,3.28,0,0
VT2015_4,2015,2015-05-26,5/1/2015,5,Growing Season,WBHW 1,WBHW 1,WB,HW,WBHW,O,1371.3,1.44,108.48,36.96,11.87,17.59,30.31,0.68,2.42,3.1,78.1,78.1
VT2015_4,2015,2015-05-26,5/1/2015,5,Growing Season,WBHW 2,WBHW 2,WB,HW,WBHW,O,3738,1.36,220.14,70.57,11.87,2.48,137.93,9.06,1.64,10.7,15.34,15.34
VT2015_4,2015,2015-05-26,5/1/2015,5,Growing Season,WBHW 3,WBHW 3,WB,HW,WBHW,O,2640.3,1.06,182.54,55.48,11.87,27.54,70.85,0.72,5.65,6.37,88.72,88.72
VT2015_4,2015,2015-05-26,5/1/2015,5,Growing Season,EBHW 1,EBHW 1,EB,HW,EBHW,B,28.43,1.59,74.59,15.23,9.24,0.05,10.11,1.45,0.01,1.47,0.95,0.95
VT2015_4,2015,2015-05-26,5/1/2015,5,Growing Season,EBHW 2,EBHW 2,EB,HW,EBHW,B,1.36,,129.5,22.92,9.24,0.63,15.09,1.54,1,2.54,39.36,39.36
VT2015_4,2015,2015-05-26,5/1/2015,5,Growing Season,EBHW 3,EBHW 3,EB,HW,EBHW,B,33.97,8.93,136,22,9.24,0.06,13.35,1.33,0,1.33,0,0
VT2015_4,2015,2015-05-26,5/1/2015,5,Growing Season,WBHW 1,WBHW 1,WB,HW,WBHW,B,37.48,9.54,63.48,16.56,9.24,7.2,6.89,0.01,0.87,0.87,99.43,99.43
VT2015_4,2015,2015-05-26,5/1/2015,5,Growing Season,WBHW 2,WBHW 2,WB,HW,WBHW,B,27.46,7.93,66.84,18.27,9.24,0.32,9.98,0.29,0.38,0.67,56.7,56.7
VT2015_4,2015,2015-05-26,5/1/2015,5,Growing Season,WBHW 3,WBHW 3,WB,HW,WBHW,B,21.06,7.81,54.56,15.67,9.24,7.27,4.7,-0.07,0.39,0.32,123.03,100
BBWM:S1,2015,2015-06-15,6/1/2015,6,Growing Season,EBHW 1:O,EBHW 1,EB,HW,EBHW,O,3288,1.39,209.05,78.33,24.6,0.06,12.06,4.58,0,4.58,0,0
BBWM:S1,2015,2015-06-15,6/1/2015,6,Growing Season,EBHW 2:O,EBHW 2,EB,HW,EBHW,O,2266.8,0.98,301.09,79.33,24.6,0.07,11.83,0.42,0,0.42,-0.11,0
BBWM:S1,2015,2015-06-15,6/1/2015,6,Growing Season,EBHW 3:O,EBHW 3,EB,HW,EBHW,O,1640.7,1.23,207.04,38.33,24.6,0.06,18.6,4.08,0.14,4.23,3.4,3.4
BBWM:S1,2015,2015-06-15,6/1/2015,6,Growing Season,WBHW 1:O,WBHW 1,WB,HW,WBHW,O,2914.2,1.24,133.22,53.6,24.6,14.37,52.99,3.47,2.04,5.51,37.04,37.04
BBWM:S1,2015,2015-06-15,6/1/2015,6,Growing Season,WBHW 2:O,WBHW 2,WB,HW,WBHW,O,3363,1.22,269.09,70.67,24.6,14.89,165.68,1.5,2.46,3.96,62.09,62.09
BBWM:S1,2015,2015-06-15,6/1/2015,6,Growing Season,WBHW 3:O,WBHW 3,WB,HW,WBHW,O,3135,1.24,104.19,44,24.6,5.85,60.31,2.45,2.09,4.54,46.03,46.03
BBWM:S1,2015,2015-06-15,6/1/2015,6,Growing Season,EBHW 1:B,EBHW 1,EB,HW,EBHW,B,,,81.73,22,24.39,0.05,2.25,0.1,0,0.1,0,0
BBWM:S1,2015,2015-06-15,6/1/2015,6,Growing Season,EBHW 2:B,EBHW 2,EB,HW,EBHW,B,,,70.98,9.67,24.39,0.05,6.87,0.78,0,0.78,0,0
BBWM:S1,2015,2015-06-15,6/1/2015,6,Growing Season,EBHW 3:B,EBHW 3,EB,HW,EBHW,B,,,79.47,10,24.39,0.05,7.98,0.68,0.01,0.7,1.82,1.82
BBWM:S1,2015,2015-06-15,6/1/2015,6,Growing Season,EBHW 4:B,EBHW 4,EB,HW,EBHW,B,,,58.88,14,24.39,0.05,9.73,0.22,0.05,0.27,18.13,18.13
BBWM:S1,2015,2015-06-15,6/1/2015,6,Growing Season,EBHW 5:B,EBHW 5,EB,HW,EBHW,B,,,77.99,17.67,24.39,0.05,6.07,0.19,0.02,0.21,10.03,10.03
BBWM:S1,2015,2015-06-15,6/1/2015,6,Growing Season,EBSW 1:B,EBSW 1,EB,SW,EBSW,B,,,94.1,30,9.6,0.05,16.27,0.42,0,0.42,0,0
BBWM:S1,2015,2015-06-15,6/1/2015,6,Growing Season,EBSW 2:B,EBSW 2,EB,SW,EBSW,B,,,95.01,29.67,9.6,0.05,6.77,0.62,0.21,0.83,25.45,25.45
BBWM:S1,2015,2015-06-15,6/1/2015,6,Growing Season,EBSW 5.2:B,EBSW 5.2,EB,SW,EBSW,B,,,85.03,17.33,9.6,0.05,16.9,0.69,0.01,0.7,0.76,0.76
BBWM:S1,2015,2015-06-15,6/1/2015,6,Growing Season,WBHW 1:B,WBHW 1,WB,HW,WBHW,B,,,44.37,11.33,24.39,2.22,4.09,-0.2,0.49,0.29,170.02,100
BBWM:S1,2015,2015-06-15,6/1/2015,6,Growing Season,WBHW 3:B,WBHW 3,WB,HW,WBHW,B,,,67.16,11.67,24.39,1.92,7.51,-0.33,1.49,1.16,128.47,100
BBWM:S1,2015,2015-06-15,6/1/2015,6,Growing Season,WBHW 4:B,WBHW 4,WB,HW,WBHW,B,,,48.51,23.67,24.39,3.89,4.04,-0.21,0.74,0.53,139.12,100
BBWM:S1,2015,2015-06-15,6/1/2015,6,Growing Season,WBHW 5:B,WBHW 5,WB,HW,WBHW,B,,,68,19.67,24.39,10.18,12.85,-0.8,2.15,1.36,158.38,100
BBWM:S1,2015,2015-06-15,6/1/2015,6,Growing Season,WBSW 2:B,WBSW 2,WB,SW,WBSW,B,,,74.3,20.33,9.6,0.07,19.83,0.69,0.19,0.88,21.55,21.55
BBWM:S1,2015,2015-06-15,6/1/2015,6,Growing Season,WBSW 5:B,WBSW 5,WB,SW,WBSW,B,,,109.17,30,9.6,0.48,12.89,0.93,0.94,1.87,50.53,50.53
BBWM:S2,2015,2015-08-10,8/1/2015,8,Growing Season,EBHW 1:O,EBHW 1,EB,HW,EBHW,O,2825.4,1.36,184.41,85.33,15.13,0.01,10.55,2.27,0,2.28,0.16,0.16
BBWM:S2,2015,2015-08-10,8/1/2015,8,Growing Season,EBHW 2:O,EBHW 2,EB,HW,EBHW,O,2231.1,1.38,167.98,51.33,15.13,0.06,6.9,3.09,0,3.09,0,0
BBWM:S2,2015,2015-08-10,8/1/2015,8,Growing Season,EBHW 3:O,EBHW 3,EB,HW,EBHW,O,1479.3,0.93,215.68,51,15.13,0.67,7.49,4.35,-0.04,4.31,-1.01,0
BBWM:S2,2015,2015-08-10,8/1/2015,8,Growing Season,WBHW 1:O,WBHW 1,WB,HW,WBHW,O,4851,1,174.87,73.67,15.13,7.65,41.85,4.86,3.63,8.49,42.76,42.76
BBWM:S2,2015,2015-08-10,8/1/2015,8,Growing Season,WBHW 2:O,WBHW 2,WB,HW,WBHW,O,4485,0.98,266.19,86.96,15.13,50.33,51.42,4.93,6.69,11.62,57.57,57.57
BBWM:S2,2015,2015-08-10,8/1/2015,8,Growing Season,WBHW 3:O,WBHW 3,WB,HW,WBHW,O,3237,0.82,216.72,93.48,15.13,0.67,36.28,7.44,1.72,9.16,18.76,18.76
BBWM:S2,2015,2015-08-10,8/1/2015,8,Growing Season,EBHW 2:B,EBHW 2,EB,HW,EBHW,B,,,77.53,15.91,14.26,0.05,9.31,-0.05,0,-0.05,1.43,1.43
BBWM:S2,2015,2015-08-10,8/1/2015,8,Growing Season,EBHW 3:B,EBHW 3,EB,HW,EBHW,B,,,78.57,12.05,14.26,0.55,14.18,-0.12,0.31,0.18,170.24,100
BBWM:S2,2015,2015-08-10,8/1/2015,8,Growing Season,EBSW 1:B,EBSW 1,EB,SW,EBSW,B,,,46.16,22.63,12.28,0.05,3.11,-0.12,0,-0.12,0.6,0.6
BBWM:S2,2015,2015-08-10,8/1/2015,8,Growing Season,WBHW 1:B,WBHW 1,WB,HW,WBHW,B,,,37.91,11.24,14.26,0.56,7.67,0.24,0.52,0.76,68.23,68.23
BBWM:S2,2015,2015-08-10,8/1/2015,8,Growing Season,WBHW 4:B,WBHW 4,WB,HW,WBHW,B,,,43.08,16.95,14.26,1.65,3.24,-0.15,0.4,0.25,159.14,100
BBWM:S2,2015,2015-08-10,8/1/2015,8,Growing Season,WBHW 5:B,WBHW 5,WB,HW,WBHW,B,,,46.61,12.72,14.26,0.46,5.74,-0.17,0.64,0.47,135.41,100
BBWM:S3,2015,2015-10-24,10/1/2015,10,Fall,EBHW 1:O,EBHW 1,EB,HW,EBHW,O,3375,1.13,236.39,74.36,7.86,0.06,7.94,1.22,0,1.22,0,0
BBWM:S3,2015,2015-10-24,10/1/2015,10,Fall,EBHW 2:O,EBHW 2,EB,HW,EBHW,O,3507,1.01,267.73,75,7.86,0.06,9.78,2.51,0,2.51,0,0
BBWM:S3,2015,2015-10-24,10/1/2015,10,Fall,EBHW 3:O,EBHW 3,EB,HW,EBHW,O,1720.8,1.24,170.83,32.36,7.86,0.06,11.51,2.17,0.52,2.69,19.36,19.36
BBWM:S3,2015,2015-10-24,10/1/2015,10,Fall,WBHW 1:O,WBHW 1,WB,HW,WBHW,O,,,124.79,58.7,7.86,10.13,47.04,-3.36,-0.72,,,
BBWM:S3,2015,2015-10-24,10/1/2015,10,Fall,WBHW 2:O,WBHW 2,WB,HW,WBHW,O,1315.5,1.34,47.39,17.54,7.86,9.37,25.64,0.54,1.67,2.2,75.71,75.71
BBWM:S3,2015,2015-10-24,10/1/2015,10,Fall,WBHW 2:O,WBHW 3,WB,HW,WBHW,O,2090.4,1.28,,,,,,,,,,
BBWM:S3,2015,2015-10-24,10/1/2015,10,Fall,EBHW 2:B,EBHW 2,EB,HW,EBHW,B,,,61.3,9.27,9,0.05,8.55,-0.33,0,-0.33,0,0
BBWM:S3,2015,2015-10-24,10/1/2015,10,Fall,EBHW 3:B,EBHW 3,EB,HW,EBHW,B,,,105.71,15.69,9,0.06,13.81,0.95,0,0.95,-0.15,0
BBWM:S3,2015,2015-10-24,10/1/2015,10,Fall,EBHW 4:B,EBHW 4,EB,HW,EBHW,B,,,68.9,15.36,9,0.05,8.24,0.3,0,0.3,-0.48,0
BBWM:S3,2015,2015-10-24,10/1/2015,10,Fall,EBHW 5:B,EBHW 5,EB,HW,EBHW,B,,,82.41,20.85,9,0.05,5.72,-0.1,0,-0.1,-3.57,0
BBWM:S3,2015,2015-10-24,10/1/2015,10,Fall,WBHW 1:B,WBHW 1,WB,HW,WBHW,B,,,49.86,15.57,9,3.68,8.01,-0.38,0.79,0.41,192.51,100
BBWM:S3,2015,2015-10-24,10/1/2015,10,Fall,WBHW 2:B,WBHW 2,WB,HW,WBHW,B,,,42.32,10.9,9,8.91,10.7,-0.01,0.66,0.64,102.34,100
BBWM:S3,2015,2015-10-24,10/1/2015,10,Fall,WBHW 4:B,WBHW 4,WB,HW,WBHW,B,,,77.59,22.98,9,4.76,9.65,-0.64,1.33,0.69,192.44,100
BBWM:S3,2015,2015-10-24,10/1/2015,10,Fall,WBHW 5:B,WBHW 5,WB,HW,WBHW,B,,,52.12,16.18,9,1.22,5.26,-0.33,0.54,0.21,255.78,100
VT2016_1,2016,2016-01-24,1/1/2016,1,Winter,EBHW 1,EBHW 1,EB,HW,EBHW,O,1687.8,1.42,151.78,35.44,1.03,0.06,8.92,1.19,0.02,1.21,1.33,1.33
VT2016_1,2016,2016-01-24,1/1/2016,1,Winter,EBHW 2,EBHW 2,EB,HW,EBHW,O,2850.9,1.94,144.96,39.03,1.03,0.06,3.13,1.61,0.01,1.62,0.91,0.91
VT2016_1,2016,2016-01-24,1/1/2016,1,Winter,EBHW 3,EBHW 3,EB,HW,EBHW,O,691.5,1.37,156.29,29.58,1.03,0.06,4.15,0.93,0.02,0.95,2.38,2.38
VT2016_1,2016,2016-01-24,1/1/2016,1,Winter,WBHW 1,WBHW 1,WB,HW,WBHW,O,2739.9,1.24,179.26,53.91,1.03,14.22,22.35,3.15,3.93,7.09,55.5,55.5
VT2016_1,2016,2016-01-24,1/1/2016,1,Winter,WBHW 2,WBHW 2,WB,HW,WBHW,O,2641.5,1.32,117.27,29,1.03,6.6,9.39,0.51,1.66,2.17,76.46,76.46
VT2016_1,2016,2016-01-24,1/1/2016,1,Winter,WBHW 3,WBHW 3,WB,HW,WBHW,O,1197.6,1.22,89.83,12.94,1.03,4.45,3.26,-0.21,-0.03,-0.24,11.71,11.71
VT2016_1,2016,2016-01-24,1/1/2016,1,Winter,EBHW 1,EBHW 1,EB,HW,EBHW,B,19.87,3.24,102.8,19.39,1.45,0.03,3.55,0.52,0,0.52,-0.04,0
VT2016_1,2016,2016-01-24,1/1/2016,1,Winter,EBHW 2,EBHW 2,EB,HW,EBHW,B,19.19,3.29,54.12,13.39,1.45,0.04,1.62,-0.03,0.01,-0.01,-140,0
VT2016_1,2016,2016-01-24,1/1/2016,1,Winter,EBHW 3,EBHW 3,EB,HW,EBHW,B,8.97,3.08,56.99,8.79,1.45,0.05,2.16,-0.03,0.01,-0.01,-130,0
VT2016_1,2016,2016-01-24,1/1/2016,1,Winter,WBHW 1,WBHW 1,WB,HW,WBHW,B,59.37,3.74,66.73,17.31,1.45,4.82,10.05,0.1,1.1,1.19,91.86,91.86
VT2016_1,2016,2016-01-24,1/1/2016,1,Winter,WBHW 2,WBHW 2,WB,HW,WBHW,B,22.34,3.93,51.75,14.11,1.45,4.14,4.08,-0.24,0.57,0.33,173.7,100
VT2016_1,2016,2016-01-24,1/1/2016,1,Winter,WBHW 3,WBHW 3,WB,HW,WBHW,B,13.88,3.12,53.29,13.65,1.45,5.21,1.55,0.02,0.36,0.38,93.95,93.95
VT2016_2,2016,2016-03-07,3/1/2016,3,Winter,EBHW 1,EBHW 1,EB,HW,EBHW,O,2743.5,1.41,328.85,54.43,0.48,0.19,25.03,9.52,-0.01,9.52,-0.07,0
VT2016_2,2016,2016-03-07,3/1/2016,3,Winter,EBHW 2,EBHW 2,EB,HW,EBHW,O,2935.2,1.42,234.62,47.18,0.48,0.21,1.33,6.66,0,6.66,-0.01,0
VT2016_2,2016,2016-03-07,3/1/2016,3,Winter,EBHW 3,EBHW 3,EB,HW,EBHW,O,3447,1.44,282.24,56.39,0.48,0.1,2.72,3.32,0,3.32,0,0
VT2016_2,2016,2016-03-07,3/1/2016,3,Winter,WBHW 1,WBHW 1,WB,HW,WBHW,O,,,472.7,75.09,0.48,2.03,213.77,16.2,0.08,16.28,0.5,0.5
VT2016_2,2016,2016-03-07,3/1/2016,3,Winter,WBHW 2,WBHW 2,WB,HW,WBHW,O,2663.7,1.55,269.16,50,0.48,0.15,74.8,9.76,0,9.76,0.04,0.04
VT2016_2,2016,2016-03-07,3/1/2016,3,Winter,WBHW 3,WBHW 3,WB,HW,WBHW,O,3423,1.26,452.37,73.91,0.48,1.89,102.74,4.01,0.61,4.62,13.15,13.15
VT2016_2,2016,2016-03-07,3/1/2016,3,Winter,EBHW 1,EBHW 1,EB,HW,EBHW,B,10.1,2.81,98.67,16,1.06,0.2,6.35,1.08,0.07,1.15,6.44,6.44
VT2016_2,2016,2016-03-07,3/1/2016,3,Winter,EBHW 2,EBHW 2,EB,HW,EBHW,B,18.34,2.03,96.34,15.8,1.06,0.14,4.6,1,0.01,1.01,0.89,0.89
VT2016_2,2016,2016-03-07,3/1/2016,3,Winter,EBHW 3,EBHW 3,EB,HW,EBHW,B,19.16,1.76,85.62,14.63,1.06,0.13,3.64,1.54,0,1.54,0.19,0.19
VT2016_2,2016,2016-03-07,3/1/2016,3,Winter,WBHW 1,WBHW 1,WB,HW,WBHW,B,,1.78,88.33,18.16,1.06,1.82,11.73,-0.16,1.62,1.45,111.3,100
VT2016_2,2016,2016-03-07,3/1/2016,3,Winter,WBHW 2,WBHW 2,WB,HW,WBHW,B,28.36,2.53,54.74,12.79,1.06,0.52,8.06,0.86,0.25,1.12,22.49,22.49
VT2016_2,2016,2016-03-07,3/1/2016,3,Winter,WBHW 3,WBHW 3,WB,HW,WBHW,B,27.92,4.29,45.56,9.34,1.06,1.47,3.4,-0.15,1.06,0.91,116.74,100
VT2016_3,2016,2016-04-06,4/1/2016,4,Winter,EBHW 1,EBHW 1,EB,HW,EBHW,O,2214,,246.5,38.13,1.21,0.06,21.81,4.52,0,4.52,0,0
VT2016_3,2016,2016-04-06,4/1/2016,4,Winter,EBHW 2,EBHW 2,EB,HW,EBHW,O,3192,1.41,248.7,59.27,1.21,0.06,6.93,4.86,0,4.86,0.06,0.06
VT2016_3,2016,2016-04-06,4/1/2016,4,Winter,EBHW 3,EBHW 3,EB,HW,EBHW,O,1676.4,1.27,167.41,36.54,1.21,0.06,4.57,4.48,0,4.48,0,0
VT2016_3,2016,2016-04-06,4/1/2016,4,Winter,WBHW 1,WBHW 1,WB,HW,WBHW,O,3726,1.16,323.7,75.67,1.21,4.66,175.96,6.51,3.89,10.39,37.4,37.4
VT2016_3,2016,2016-04-06,4/1/2016,4,Winter,WBHW 2,WBHW 2,WB,HW,WBHW,O,2559.9,1.13,149.29,43.38,1.21,3.77,57.48,3.96,4.13,8.09,51.01,51.01
VT2016_3,2016,2016-04-06,4/1/2016,4,Winter,WBHW 3,WBHW 3,WB,HW,WBHW,O,2602.5,1.36,156.72,56.29,1.21,7.01,45.8,0.08,3.94,4.02,97.92,97.92
VT2016_3,2016,2016-04-06,4/1/2016,4,Winter,EBHW 1,EBHW 1,EB,HW,EBHW,B,38.18,3.31,149.9,26.67,1.93,0.06,15.01,1.86,0.05,1.9,2.57,2.57
VT2016_3,2016,2016-04-06,4/1/2016,4,Winter,EBHW 2,EBHW 2,EB,HW,EBHW,B,42.95,4.2,75.94,42.28,1.93,0.05,4.89,0.22,0,0.22,0,0
VT2016_3,2016,2016-04-06,4/1/2016,4,Winter,EBHW 3,EBHW 3,EB,HW,EBHW,B,52.26,3.02,93.89,16.28,1.93,0.05,9.15,1.02,0,1.02,0,0
VT2016_3,2016,2016-04-06,4/1/2016,4,Winter,WBHW 1,WBHW 1,WB,HW,WBHW,B,34.12,4.51,41.49,4,1.93,0.95,9.83,-0.06,0.33,0.28,119.86,100
VT2016_3,2016,2016-04-06,4/1/2016,4,Winter,WBHW 2,WBHW 2,WB,HW,WBHW,B,19.18,2.97,72.79,16.61,1.93,1.67,9.27,-0.46,0.94,0.49,194.24,100
VT2016_3,2016,2016-04-06,4/1/2016,4,Winter,WBHW 3,WBHW 3,WB,HW,WBHW,B,18.04,3.03,56.38,10.26,1.93,1.74,3.77,-0.23,0.58,0.35,166.38,100
VT2016_4,2016,2016-04-27,4/1/2016,4,Vernal Transition,EBHW 1,EBHW 1,EB,HW,EBHW,O,1813.5,1.32,189.57,52.15,4.83,0.06,5.87,8,0.01,8.01,0.1,0.1
VT2016_4,2016,2016-04-27,4/1/2016,4,Vernal Transition,EBHW 2,EBHW 2,EB,HW,EBHW,O,4095,1.23,251.53,70.97,4.83,0.06,4.06,3.38,0,3.39,0.11,0.11
VT2016_4,2016,2016-04-27,4/1/2016,4,Vernal Transition,EBHW 3,EBHW 3,EB,HW,EBHW,O,1832.4,1.5,186.01,45.75,4.83,0.06,3.07,1.48,0.01,1.49,0.54,0.54
VT2016_4,2016,2016-04-27,4/1/2016,4,Vernal Transition,WBHW 1,WBHW 1,WB,HW,WBHW,O,996.3,1.32,111.62,42.14,4.83,17.39,32.4,2.81,3.68,6.49,56.72,56.72
VT2016_4,2016,2016-04-27,4/1/2016,4,Vernal Transition,WBHW 2,WBHW 2,WB,HW,WBHW,O,2298.3,1.39,121.45,46.86,4.83,5.51,72.95,12.75,2.51,15.26,16.47,16.47
VT2016_4,2016,2016-04-27,4/1/2016,4,Vernal Transition,WBHW 3,WBHW 3,WB,HW,WBHW,O,1959,1.25,103.54,39.02,4.83,12.59,6.66,0.01,2.63,2.64,99.6,99.6
VT2016_4,2016,2016-04-27,4/1/2016,4,Vernal Transition,EBHW 1,EBHW 1,EB,HW,EBHW,B,20.15,3.263,83.1,15.04,5.17,0.11,10.34,0.43,0.09,0.52,17.5,17.5
VT2016_4,2016,2016-04-27,4/1/2016,4,Vernal Transition,EBHW 2,EBHW 2,EB,HW,EBHW,B,38.92,3.39,106.6,19.65,5.17,0.06,4.13,0.58,0.01,0.59,1.68,1.68
VT2016_4,2016,2016-04-27,4/1/2016,4,Vernal Transition,EBHW 3,EBHW 3,EB,HW,EBHW,B,27.1,2.995,125.2,21.15,5.17,0.08,9.13,0.34,0.05,0.39,13.14,13.14
VT2016_4,2016,2016-04-27,4/1/2016,4,Vernal Transition,WBHW 1,WBHW 1,WB,HW,WBHW,B,19.09,3.363,54.3,14.29,5.17,2.99,4.12,-0.2,0.75,0.55,137.18,100
VT2016_4,2016,2016-04-27,4/1/2016,4,Vernal Transition,WBHW 2,WBHW 2,WB,HW,WBHW,B,17.4,5.415,47.74,11.44,5.17,1.66,5.71,-0.06,0.77,0.7,108.66,100
VT2016_4,2016,2016-04-27,4/1/2016,4,Vernal Transition,WBHW 3,WBHW 3,WB,HW,WBHW,B,12.07,3.88,44.2,11.56,5.17,1.91,1.99,-0.11,0.47,0.36,131.56,100
VT2016_5,2016,2016-05-10,5/1/2016,5,Vernal Transition,EBHW 1,EBHW 1,EB,HW,EBHW,O,2355,1.33,180.92,45.57,6.73,0.06,4.09,2.54,0.01,2.55,0.36,0.36
VT2016_5,2016,2016-05-10,5/1/2016,5,Vernal Transition,EBHW 2,EBHW 2,EB,HW,EBHW,O,1668,0.81,393.23,87.5,6.73,0.07,5.45,5.57,0.01,5.59,0.26,0.26
VT2016_5,2016,2016-05-10,5/1/2016,5,Vernal Transition,EBHW 3,EBHW 3,EB,HW,EBHW,O,3348,1.32,227.11,62.34,6.73,0.06,7.46,9.25,-0.01,9.25,-0.05,0
VT2016_5,2016,2016-05-10,5/1/2016,5,Vernal Transition,WBHW 1,WBHW 1,WB,HW,WBHW,O,1647.9,1.09,97.6,34.41,6.73,4.85,8.69,-0.18,2.78,2.6,106.75,100
VT2016_5,2016,2016-05-10,5/1/2016,5,Vernal Transition,WBHW 2,WBHW 2,WB,HW,WBHW,O,3549,1.03,220.29,77.48,6.73,2.61,130.06,8.08,3.71,11.79,31.47,31.47
VT2016_5,2016,2016-05-10,5/1/2016,5,Vernal Transition,WBHW 3,WBHW 3,WB,HW,WBHW,O,2708.1,1.08,214.29,67.87,6.73,6.1,57.98,3.08,5.45,8.54,63.86,63.86
VT2016_5,2016,2016-05-10,5/1/2016,5,Vernal Transition,EBHW 1,EBHW 1,EB,HW,EBHW,B,74.92,2.23,102.9,21.24,6.41,0.06,11.57,2.27,0,2.27,0,0
VT2016_5,2016,2016-05-10,5/1/2016,5,Vernal Transition,EBHW 2,EBHW 2,EB,HW,EBHW,B,29.51,3.56,173.9,21.93,6.41,0.06,11.58,1.51,0,1.51,-0.07,0
VT2016_5,2016,2016-05-10,5/1/2016,5,Vernal Transition,EBHW 3,EBHW 3,EB,HW,EBHW,B,27.39,1.59,123,20.27,6.41,0.06,9.82,0.51,0,0.5,-0.79,0
VT2016_5,2016,2016-05-10,5/1/2016,5,Vernal Transition,WBHW 1,WBHW 1,WB,HW,WBHW,B,16.03,2.35,49.83,14.84,6.41,2.28,2.74,-0.19,0.79,0.6,130.9,100
VT2016_5,2016,2016-05-10,5/1/2016,5,Vernal Transition,WBHW 2,WBHW 2,WB,HW,WBHW,B,99.74,3.03,67.93,17.26,6.41,0.51,11,0.39,0.63,1.02,61.61,61.61
VT2016_5,2016,2016-05-10,5/1/2016,5,Vernal Transition,WBHW 3,WBHW 3,WB,HW,WBHW,B,30.19,2.46,49.82,13.2,6.41,4.38,3.19,-0.2,0.87,0.67,129.23,100
VT2016_6,2016,2016-07-05,7/1/2016,7,Growing Season,EBHW 1,EBHW 1,EB,HW,EBHW,O,1126.2,1.61,122.09,38.13,14.28,0.06,3.91,3.43,0.02,3.45,0.44,0.44
VT2016_6,2016,2016-07-05,7/1/2016,7,Growing Season,EBHW 2,EBHW 2,EB,HW,EBHW,O,1716.3,1.32,95.64,43.3,14.28,0.05,2.26,1.84,0.1,1.95,5.38,5.38
VT2016_6,2016,2016-07-05,7/1/2016,7,Growing Season,EBHW 3,EBHW 3,EB,HW,EBHW,O,1934.1,1.41,106.49,48.55,14.28,0.06,4.99,4.05,0.03,4.08,0.63,0.63
VT2016_6,2016,2016-07-05,7/1/2016,7,Growing Season,WBHW 1,WBHW 1,WB,HW,WBHW,O,3048,1.1,207.05,68.55,14.28,11.74,37.15,6.97,2.95,9.91,29.73,29.73
VT2016_6,2016,2016-07-05,7/1/2016,7,Growing Season,WBHW 2,WBHW 2,WB,HW,WBHW,O,3099,1.23,168.72,67.05,14.28,1.95,46.12,9.17,1.22,10.4,11.78,11.78
VT2016_6,2016,2016-07-05,7/1/2016,7,Growing Season,WBHW 3,WBHW 3,WB,HW,WBHW,O,2702.1,1.03,222.42,75.42,14.28,17.45,3.33,0.15,5.41,5.55,97.38,97.38
VT2016_6,2016,2016-07-05,7/1/2016,7,Growing Season,EBHW 1,EBHW 1,EB,HW,EBHW,B,32.9,2.83,86.4,22.56,12.87,0.05,12.62,1.07,0.05,1.12,4.29,4.29
VT2016_6,2016,2016-07-05,7/1/2016,7,Growing Season,EBHW 2,EBHW 2,EB,HW,EBHW,B,39.32,2.637,78.23,17.4,14.28,0.05,6.11,0.86,0.05,0.91,5.08,5.08
VT2016_6,2016,2016-07-05,7/1/2016,7,Growing Season,EBHW 2,EBHW 2,EB,HW,EBHW,B,21.85,2.637,78.23,17.4,12.87,0.05,6.11,0.86,0.05,0.91,5.08,5.08
VT2016_6,2016,2016-07-05,7/1/2016,7,Growing Season,EBHW 3,EBHW 3,EB,HW,EBHW,B,49.11,3.493,72.37,25.98,12.87,0.31,1.99,0.76,0.31,1.07,29.19,29.19
VT2016_6,2016,2016-07-05,7/1/2016,7,Growing Season,WBHW 1,WBHW 1,WB,HW,WBHW,B,25.01,3.663,54.82,13.62,12.87,4.21,2.81,-0.14,0.84,0.7,119.23,100
VT2016_6,2016,2016-07-05,7/1/2016,7,Growing Season,WBHW 2,WBHW 2,WB,HW,WBHW,B,26.87,4.07,40.19,13.32,12.87,0.95,4.25,0.33,0.59,0.92,64.05,64.05
VT2016_6,2016,2016-07-05,7/1/2016,7,Growing Season,WBHW 3,WBHW 3,WB,HW,WBHW,B,14.14,2.887,48.29,12.97,12.87,4.91,2.66,-0.14,0.72,0.58,124.87,100